,End Zone,,,,Fantasy Dad,,
QB,Burrow,Cin,,QB,*Prescott,Dal,
RB,Gibbs,Det,,RB,Taylor,Ind,
RB,Swift,Cgu,,RB,Hampton,LAC,
WR,McLaurin,Was,,WR,*Collins,Hou,
WR,McConkey,LAC,,WR,Nabers,NYG,
WR,Washington,Jax,,WR,Adams,LAR,
TE,Johnson,NO,,TE,Fannin,Cle,
K,Butker,KC,,K,Dicker,LAC,
Def,Jacksonville,,,Def,Detroit,,
SpT,Seattle,,,SpT,Tampa Bay,,
T1,Etiene  RB,NO,,T1,*Purdy QB,SF,
T2,Mayfield  QB,TB,,T2,*Odunze  WR,Chi,
T3,Smith WR,Phi,,T3,,,
IR,Bowers  TE LV,X,,IR,,,
,Picks Remaining,11,,,Picks Remaining,13,
,Hot Shots,,,,Vision,,
QB,Jackson,Bal,,QB,Shough,NO,
RB,Walker,KC,,RB,Montgomery,Hou,
RB,Skattebo,NYG,,RB,Tuten,Jax,
WR,Chase,Cin,,WR,St. Brown,Det,
WR,Waddle,Den,,WR,Golden,GB,
WR,Evans,SF,,WR,Sutton,Den,
TE,Warren,Ind,,TE,Kincaid,Buf,
K,Boswell,Pit,,K,Aubrey,Dal,
Def,Houston,,,Def,Denver,,
SpT,NY Jets,,,SpT,Denver,,
T1,Lemon  WR,Phi,,T1,Nix  QB,Den,
T2,Price  RB,Sea,,T2,Dobbins  RB,Den,
T3,,,,T3,Godwin  WR,TB,
IR,,,,IR,Brown WR  NE,4,
,Picks Remaining,13,,,Picks Remaining,9,
,WFT,,,,Grumpy Grandpas,,
QB,Hurts,Phi,,QB,Lawrence,Jax,
RB,Robinson,Atl,,RB,Cook,Buf,
RB,Jeanty,LV,,RB,Brown,Cin,
WR,Wilson,Ari,,WR,Pickens,Dal,
WR,Olave,NO,,WR,Moore,Buf,
WR,Watson,GB,,WR,Downs,Ind,
TE,LaPorta,Det,,TE,Schultz,Hou,
K,McPherson,Cin,,K,Little,Jax,
Def,Pittsburgh,,,Def,Philadelphia,,
SpT,Houston,,,SpT,Buffalo,,
T1,Murray  QB,Min,,T1,Stafford QB,LAR,
T2,Irving  RB,TB,,T2,Williams  WR,Det,
T3,Jefferson  WR,Min,,T3,Corum  RB,LAR,
IR,,,,IR,,,
,Picks Remaining,12,,,Picks Remaining,11,
,Capsters,,,,Manly Men,,
QB,Love,GB,,QB,Allen,Buf,
RB,McCaffrey,SF,,RB,Williams,Dal,
RB,Barkley,Phi,,RB,Hubbard,Car,
WR,London,Atl,,WR,Smith-Njigba,Sea,
WR,Higgins,Cin,,WR,Egbuka,TB,
WR,Wilson,NYJ,,WR,Burden,Chi,
TE,McBride,Ari,,TE,Loveland,Chi,
K,Mevis,LAR,,K,Fairbairn,Hou,
Def,New England,,,Def,Seatle,,
SpT,Kansas City,,,SpT,Dallas,,
T1,Williams  QB,Chi,,T1,Herbert  QB,LAC,
T2,Stevenson  RB,NE,,T2,Coker WR,Car,
T3,,,,T3,Hall  RB,NYJ,
IR,,,,IR,Stribling WR SF,3,
,Picks Remaining,13,,,Picks Remaining,11,
,Hawk Tuah,,,,Go-Gos,,
QB,Mahomes,KC,,QB,Goff,Det,
RB,Henry,Bal,,RB,*Black,SF,
RB,Williams,LAR,,RB,Love,Ari,
WR,Nacua,LAR,,WR,Lamb,Dal,
WR,Rice,KC,,WR,Flowers,Bal,
WR,McMillan,Car,,WR,Samuel,SF,
TE,Likely,NYG,,TE,Kittle,SF,
K,Myers,Sea,,K,Pineiro,SF,
Def,LA Rams,,,Def,Minnesota,,
SpT,Tennessee,,,SpT,San Franciso,,
T1,Young  QB,Car,,T1,Daniels  QB,Was,
T2,Judkins  RB,Cle,,T2,Kupp  WR,Sea,
T3,Metcalf  WR,Pit,,T3,Jacobs  RB,GB,
IR,,,,IR,,,
,Picks Remaining,11,,,Picks Remaining,11,